{
    "о": [
        1,
        "0.1100872900"
    ],
    "е": [
        2,
        "0.0821782770"
    ],
    "а": [
        3,
        "0.0790115590"
    ],
    "и": [
        4,
        "0.0707844190"
    ],
    "н": [
        5,
        "0.0663979250"
    ],
    "т": [
        6,
        "0.0622515980"
    ],
    "с": [
        7,
        "0.0543270370"
    ],
    "л": [
        8,
        "0.0468036070"
    ],
    "р": [
        9,
        "0.0456938280"
    ],
    "в": [
        10,
        "0.0442923090"
    ],
    "к": [
        11,
        "0.0337938580"
    ],
    "м": [
        12,
        "0.0324306920"
    ],
    "д": [
        13,
        "0.0305431180"
    ],
    "п": [
        14,
        "0.0273629610"
    ],
    "у": [
        15,
        "0.0270850530"
    ],
    "я": [
        16,
        "0.0207118520"
    ],
    "ы": [
        17,
        "0.0193586870"
    ],
    "ь": [
        18,
        "0.0187457500"
    ],
    "г": [
        19,
        "0.0175038300"
    ],
    "з": [
        20,
        "0.0169259010"
    ],
    "б": [
        21,
        "0.0167397010"
    ],
    "ч": [
        22,
        "0.0146436480"
    ],
    "й": [
        23,
        "0.0117540450"
    ],
    "ж": [
        24,
        "0.0100116180"
    ],
    "х": [
        25,
        "0.0095269670"
    ],
    "ш": [
        26,
        "0.0079356210"
    ],
    "ю": [
        27,
        "0.0061330340"
    ],
    "ц": [
        28,
        "0.0041029340"
    ],
    "щ": [
        29,
        "0.0036017430"
    ],
    "э": [
        30,
        "0.0035606660"
    ],
    "ё": [
        31,
        "0.0034105030"
    ],
    "ф": [
        32,
        "0.0019653480"
    ],
    "ъ": [
        33,
        "0.0003246050"
    ]
}