{
    " ": [
        1,
        "0.1378490540"
    ],
    "о": [
        2,
        "0.0895087560"
    ],
    "е": [
        3,
        "0.0668167540"
    ],
    "а": [
        4,
        "0.0642419880"
    ],
    "и": [
        5,
        "0.0575527410"
    ],
    "н": [
        6,
        "0.0539862110"
    ],
    "т": [
        7,
        "0.0506149540"
    ],
    "с": [
        8,
        "0.0441717250"
    ],
    "л": [
        9,
        "0.0380546440"
    ],
    "р": [
        10,
        "0.0371523150"
    ],
    "в": [
        11,
        "0.0360127820"
    ],
    "к": [
        12,
        "0.0274767970"
    ],
    "м": [
        13,
        "0.0263684480"
    ],
    "д": [
        14,
        "0.0248337160"
    ],
    "п": [
        15,
        "0.0222480240"
    ],
    "у": [
        16,
        "0.0220220650"
    ],
    ",": [
        17,
        "0.0173690260"
    ],
    "я": [
        18,
        "0.0168402010"
    ],
    "ы": [
        19,
        "0.0157399830"
    ],
    "ь": [
        20,
        "0.0152416210"
    ],
    "г": [
        21,
        "0.0142318520"
    ],
    "з": [
        22,
        "0.0137619550"
    ],
    "б": [
        23,
        "0.0136105610"
    ],
    "-": [
        24,
        "0.0135460810"
    ],
    "ч": [
        25,
        "0.0119063220"
    ],
    ".": [
        26,
        "0.0111859140"
    ],
    "й": [
        27,
        "0.0095568700"
    ],
    "ж": [
        28,
        "0.0081401540"
    ],
    "х": [
        29,
        "0.0077460980"
    ],
    "ш": [
        30,
        "0.0064522210"
    ],
    "ю": [
        31,
        "0.0049865900"
    ],
    "ц": [
        32,
        "0.0033359750"
    ],
    "щ": [
        33,
        "0.0029284720"
    ],
    "э": [
        34,
        "0.0028950730"
    ],
    "ё": [
        35,
        "0.0027729800"
    ],
    "\"": [
        36,
        "0.0021187500"
    ],
    "ф": [
        37,
        "0.0015979670"
    ],
    "?": [
        38,
        "0.0012795220"
    ],
    "!": [
        39,
        "0.0010367530"
    ],
    ":": [
        40,
        "0.0009669180"
    ],
    ")": [
        41,
        "0.0005704940"
    ],
    "(": [
        42,
        "0.0005639900"
    ],
    ";": [
        43,
        "0.0002763720"
    ],
    "ъ": [
        44,
        "0.0002639270"
    ],
    "*": [
        45,
        "0.0000787510"
    ],
    "\/": [
        46,
        "0.0000478350"
    ],
    "'": [
        47,
        "0.0000278260"
    ],
    "_": [
        48,
        "0.0000119470"
    ]
}